Abril	April
Accidente, suicidio o asesinato	Accident, suicide or homicide
Adobe o tapia	Adobe or rammed earth
Afroecuatoriana/o, Afrodescendiente, Negra/o, Mulata/o	Afro-Ecuadorian or Afro-descendant
Agosto	August
Alfabetización/Post Alfabetización	Literacy or post-literacy education
Alguna dificultad	Some difficulty
Arrendada/anticresis	Rented or antichresis
Atendió un negocio propio	Ran own business
Ayudó en algún negocio o empleo de algún miembro de su hogar	Helped a household member's business or job
Bachillerato	Upper secondary
Biogás (residuos vegetales y/o animales, etc.)	Biogas
Blanca/o	White
CINE-P 0: Educación de la primera infancia	ISCED-P 0: early childhood education
CINE-P 1: Primaria	ISCED-P 1: primary
CINE-P 2: Secundaria baja	ISCED-P 2: lower secondary
CINE-P 3: Secundaria alta	ISCED-P 3: upper secondary
CINE-P 4: Postsecundaria no terciaria	ISCED-P 4: post-secondary non-tertiary
CINE-P 5: Terciaria de ciclo corto	ISCED-P 5: short-cycle tertiary
CINE-P 6: Educación terciaria o equivalente	ISCED-P 6: bachelor's or equivalent
CINE-P 7: Maestría, especialización o equivalente	ISCED-P 7: master's or equivalent
CINE-P 8: Doctorado o equivalente	ISCED-P 8: doctoral or equivalent
COVID-19	COVID-19
Campamento de trabajo	Work camp
Carro o tanquero repartidor	Delivery vehicle or water tanker
Casa/villa	House
Casada/o	Married
Castellano/Español	Spanish
Castellano/español e idioma extranjero	Spanish and a foreign language
Caña no revestida	Uncoated cane
Caña revestida o bahareque	Coated cane or wattle and daub
Caña sin tratar	Untreated cane
Centro de Desarrollo Infantil/Creciendo con nuestros hijos/Guardería	Child development centre or nursery
Centro de acogida y protección para niñas/os y adolescentes	Child and adolescent shelter
Centro de privación de libertad/cárcel	Prison or detention centre
Cerámica, baldosa, vinil o porcelanato	Ceramic, tile, vinyl or porcelain
Choza	Hut
Ciclo Postbachillerato (No superior)	Post-secondary, non-tertiary
Cinco cuartos	Five rooms
Cinco dormitorios	Five bedrooms
Compartido con varios hogares	Shared by several households
Con residentes habituales	With usual residents
Convento o institución religiosa	Convent or religious institution
Covacha	Shack
Cuartel militar, policía o bomberos	Military, police or fire station
Cuarto/s en casa de inquilinato.	Room in a tenement
Cuatro cuartos	Four rooms
Cuatro dormitorios	Four bedrooms
Cuenta propia	Self-employed
Cónyuge o conviviente	Spouse or partner
De otra forma	Other way
De temporada o vacacional	Seasonal or holiday use
De uso exclusivo del hogar	For the household's exclusive use
Departamento en casa o edificio	Apartment
Desocupada	Vacant
Diciembre	December
Divorciada/o	Divorced
Dos cuartos	Two rooms
Dos dormitorios	Two bedrooms
Duela, parquet, tablón o piso flotante	Wood planks, parquet or floating floor
Educación General Básica	Basic general education
Educación Superior (universidades, escuelas politécnicas)	Higher education (university or polytechnic)
Educación Técnica o Tecnológica Superior (institutos superiores técnicos y tecnológicos)	Higher technical or technological education
Educación inicial/Preescolar/SAFPI	Early childhood or preschool
Electricidad	Electricity
Empleada/o doméstica/o	Domestic worker
Empleada/o u obrera/o del Estado, Gobierno, Municipio, Consejo Provincial, Junta Parroquial	Public-sector employee
Empleada/o u obrera/o privado	Private-sector employee
Empresa Pública/Municipio	Public enterprise or municipality
En construcción	Under construction
En esta ciudad o parroquia rural	In this city or rural parish
En otro lugar del país	Elsewhere in Ecuador
En otro país	In another country
Energía eólica (a partir del viento)	Wind energy
Energía solar (panel fotovoltaico)	Solar energy
Enero	January
Es estudiante	Student
Es jubilada/o o pensionista	Retired or pensioner
Es rentista	Investment-income recipient
Febrero	February
Fibrocemento, asbesto (eternit, eurolit)	Fibre cement or asbestos
Fiscal (del Estado)	Public (state)
Fiscomisional	State-supported religious school
Gas centralizado (por tubería)	Piped gas
Gas de tanque o cilindro	Cylinder gas
Hija o hijo	Child
Hijastra o hijastro	Stepchild
Hizo o ayudó en labores agrícolas, cría de animales o pesca	Farming, animal raising or fishing
Hormigón	Concrete
Hormigón (losa, cemento)	Concrete slab or cement
Hospital, clínica, etc.	Hospital or clinic
Hotel, pensión, residencial u hostal	Hotel or guesthouse
IESS Seguro Campesino	IESS rural insurance
IESS Seguro General	IESS general insurance
IESS Seguro Voluntario	IESS voluntary insurance
Idioma extranjero	Foreign language
Idioma indígena y castellano/español	Indigenous language and Spanish
Idioma indígena, castellano/español e idioma extranjero	Indigenous language, Spanish and foreign language
Indígena	Indigenous
Inodoro o escusado, con descarga directa al mar, río, lago o quebrada	Toilet draining directly to water
Inodoro o escusado, conectado a biodigestor	Toilet connected to biodigester
Inodoro o escusado, conectado a pozo ciego	Toilet connected to pit
Inodoro o escusado, conectado a pozo séptico	Toilet connected to septic tank
Inodoro o escusado, conectado a red pública de alcantarillado	Toilet connected to public sewer
Internado de estudiantes	Student boarding school
Jornalera/o o peón	Day labourer
Julio	July
Junio	June
Juntas de Agua/Organizaciones comunitarias/GAD parroquial	Community water board or parish government
La arroja al río, acequia, canal o quebrada	Dumped in a river or channel
La arroja en terreno baldío	Dumped on vacant land
La beben, tal como llega al hogar?	Drank untreated
La compran (agua envasada en bidón, botella o funda)?	Purchased bottled or packaged water
La entierra	Buried
La filtran (colocan filtros en el grifo o usan purificadores)?	Filtered
La hierven?	Boiled
La mayor parte para consumo del hogar	Mostly for household consumption
La mayor parte para la venta	Mostly for sale
La quema	Burned
Ladrillo o bloque	Brick or block
Ladrillo o cemento	Brick or cement
Le impide trabajar su discapacidad	Disability prevents work
Le ponen cloro?	Chlorinated
Lengua de señas ecuatoriana	Ecuadorian sign language
Letrina	Latrine
Leña o carbón	Firewood or charcoal
Madera	Wood
Madre o padre	Parent
Maestría/ Especialización	Master's or specialisation
Marzo	March
Mayo	May
Mediagua	Partly finished house
Mestiza/o	Mestizo
Miembro de hogar colectivo	Collective household member
Montubia/o	Montubio
Mucha dificultad	A lot of difficulty
Municipal	Municipal
Mármol o marmetón	Marble or terrazzo
Nieta o nieto	Grandchild
Ninguno (No cocina)	None (does not cook)
No	No
No aporta	Does not contribute
No aporta, es Jubilada/o del IESS/ISSFA/ISSPOL	Retired; no current contribution
No dispone	Does not have
No habla/ No se comunica	Does not speak or communicate
No habla/no se comunica	Does not speak or communicate
No había nacido	Not yet born
No recibe agua por tubería, sino por otros medios	Water received by other means
No tiene	Does not have
No tiene dificultad	No difficulty
No tiene documento alguno	No identity document
No trabajó	Did not work
No trabajó, pero SI tiene un trabajo al que seguro va a volver (por vacaciones, enfermedad, etc.)	Temporarily absent from job
Noviembre	November
Nuera o yerno	Daughter- or son-in-law
Octubre	October
Ocupada	Occupied
Ocupada con personas ausentes	Occupied; residents absent
Ocupada con personas presentes	Occupied; residents present
Otra fuente (desechos vegetales y animales)	Other source (organic waste)
Otra vivienda colectiva	Other collective dwelling
Otra vivienda particular	Other private dwelling
Otras combinaciones de idiomas	Other language combinations
Otras fuentes (río, vertiente, acequia, canal, grieta o agua lluvia)	River, spring, channel or rainwater
Otro (Ej: gasolina, kerex, diésel, etc.)	Other fuel
Otro material	Other material
Otro no pariente	Other non-relative
Otro pariente	Other relative
Otros? (Ej: enfermedad, causa natural)	Other cause (illness or natural)
PHD/ Doctorado	Doctoral degree
Palma, paja u hoja	Palm, straw or leaves
Panel prefabricado (yeso, fibrocemento, etc.)	Prefabricated panel
Particular (privado)	Private
Pasaporte u otro documento de identidad de su país de origen	Passport or foreign identity document
Patrona/o	Employer
Persona sin vivienda	Person without housing
Planta eléctrica (generador de luz)	Electric generator
Por carro recolector	Collected by waste truck
Por contenedor municipal	Municipal container
Por servicios	In-kind services
Por tubería, dentro de la vivienda	Piped inside dwelling
Por tubería, fuera de la vivienda pero dentro del edificio, lote o terreno	Piped outside dwelling, within lot
Por tubería, fuera del edificio, lote o terreno	Piped outside lot
Pozo	Well
Prestada o cedida (no paga)	Lent or provided rent-free
Propia (regalada, donada, heredada o por posesión)	Owned (gifted, inherited or occupied)
Propia y la está pagando	Owned with payments ongoing
Propia y totalmente pagada	Owned outright
Rancho	Basic rural house
Realiza quehaceres del hogar	Housework
Realizan otro tratamiento?	Other water treatment
Realizó algún trabajo ocasional (cachuelo o chaucha) por un pago	Occasional paid work
Representante del hogar	Household representative
Residencia de adultos mayores/Asilo de ancianos	Older persons' residence
Seguro ISSFA	ISSFA insurance
Seguro ISSPOL	ISSPOL insurance
Seis o más cuartos	Six or more rooms
Seis o más dormitorios	Six or more bedrooms
Separada/o	Separated
Septiembre	September
Sin residentes habituales	Without usual residents
Sin vivienda	Without housing
Socia/o	Business partner
Soltera/o	Single
Suegra o suegro	Parent-in-law
Sólo castellano/español	Spanish only
Sólo idioma extranjero	Foreign language only
Sólo idioma indígena	Indigenous language only
Sólo lengua de señas ecuatoriana	Ecuadorian sign language only
Tabla sin tratar	Untreated wood planks
Teja	Roof tile
Tierra	Earth
Todo para consumo del hogar	All for household consumption
Todo para la venta	All for sale
Total dificultad	Unable to do at all
Trabajadora/or familiar no remunerada/o	Unpaid family worker
Trabajó al menos una hora para generar un ingreso	Worked at least one hour for pay
Tres cuartos	Three rooms
Tres dormitorios	Three bedrooms
Un cuarto	One room
Un dormitorio	One bedroom
Unida/o	In union
Viuda/o	Widowed
Zinc, aluminio (lámina o plancha metálica)	Zinc or aluminium sheet
