clave_manzana,clave_sector,poblacion
010150003002006,010150003002,111
010150010006003,010150010006,45
010150010006004,010150010006,0
010150013008004,010150013008,51
010150042005006,010150042005,12
010150061012001,010150061012,83
010150061012002,010150061012,59
010150061012004,010150061012,92
010150061012005,010150061012,39
010150096009001,010150096009,313
010150099008001,010150099008,218
010150102002004,010150102002,3
010170001002004,010170001002,1
010850003002005,010850003002,18
011450001001018,011450001001,8
011550001001007,011550001001,59
011550001001008,011550001001,35
011550001001009,011550001001,43
011550001003008,011550001003,32
011550003005016,011550003005,8
011550003005017,011550003005,15
011550003007013,011550003007,39
011550901009002,011550901009,4
011550901009003,011550901009,10
011550901009004,011550901009,0
011550901009005,011550901009,0
011550901009006,011550901009,0
011550901009007,011550901009,0
011550901009008,011550901009,0
011550901009009,011550901009,0
011550901009010,011550901009,0
011550901009011,011550901009,0
011550901009012,011550901009,0
011550901009013,011550901009,0
011550901009014,011550901009,0
011550901009015,011550901009,0
011550901009016,011550901009,0
011550901009017,011550901009,41
011550901009018,011550901009,37
011550901009020,011550901009,0
011550901009021,011550901009,0
011550901009022,011550901009,0
011550901009023,011550901009,0
011550901009024,011550901009,0
011550901009025,011550901009,22
011550901009026,011550901009,38
011550901009027,011550901009,5
011550901009028,011550901009,12
011550901009029,011550901009,0
011550922004017,011550922004,47
011550922004018,011550922004,16
020150002004009,020150002004,6
020150002007003,020150002007,39
020150004001008,020150004001,96
020150004001009,020150004001,17
020150004001010,020150004001,8
020150004001011,020150004001,40
020150005005009,020150005005,68
020251001001020,020251001001,53
020450002003009,020450002003,36
030350002006016,030350002006,1
030350002006017,030350002006,16
030351001002007,030351001002,1
030450012008001,030450012008,0
030450012008002,030450012008,0
030450012008004,030450012008,0
030450012008005,030450012008,0
030450012008006,030450012008,0
030450012008007,030450012008,0
030450012008009,030450012008,0
030450012008011,030450012008,0
030450012008012,030450012008,0
030450012008013,030450012008,0
030450012008014,030450012008,0
030450012008015,030450012008,0
030450012008016,030450012008,0
030450012008017,030450012008,0
030450015004012,030450015004,122
030450015004016,030450015004,10
030452902009015,030452902009,18
030452902009016,030452902009,27
030452902009017,030452902009,25
030452902009018,030452902009,8
030750001004021,030750001004,0
040150016007012,040150016007,0
040150017004007,040150017004,18
040153001004008,040153001004,41
040153001004009,040153001004,20
040550004010012,040550004010,0
040550004010013,040550004010,0
040550004011017,040550004011,31
040550004011018,040550004011,54
050150007006007,050150007006,34
050150013002005,050150013002,82
050250001001012,050250001001,62
050250001002025,050250001002,29
050250001005021,050250001005,32
050250001005022,050250001005,21
050250002001021,050250002001,30
050250002001022,050250002001,3
050250002001023,050250002001,29
050250002001024,050250002001,24
050250002001025,050250002001,29
050250002003024,050250002003,22
050250005005005,050250005005,47
050250009001005,050250009001,7
050250009001006,050250009001,65
050250928003015,050250928003,3
050250928003016,050250928003,13
050250928003017,050250928003,1
050250928003018,050250928003,6
050554001005006,050554001005,104
050653001001012,050653001001,3
060155001003029,060155001003,24
060155001003030,060155001003,0
060155001009009,060155001009,34
060155002008003,060155002008,6
060155002008004,060155002008,25
060450001001015,060450001001,63
060450001001016,060450001001,39
060450001001017,060450001001,85
060651001001018,060651001001,16
060651001001019,060651001001,4
060651001001022,060651001001,12
060750003007013,060750003007,16
060750951005058,060750951005,2
060850001006003,060850001006,11
060850002008005,060850002008,54
060850002008006,060850002008,6
070150013009001,070150013009,0
070150013009006,070150013009,84
070150013009007,070150013009,75
070150013009008,070150013009,44
070150013009009,070150013009,115
070150013009010,070150013009,57
070150017002005,070150017002,40
070150067006017,070150067006,11
070150070009015,070150070009,1
070250001001024,070250001001,34
070250001002022,070250001002,21
070250001002023,070250001002,30
070250001002024,070250001002,10
070250001002026,070250001002,30
070250001002028,070250001002,4
070250001002029,070250001002,0
070250006007023,070250006007,13
070351001001015,070351001001,2
070650003011001,070650003011,89
070650003011002,070650003011,33
070650003011003,070650003011,38
070650003011005,070650003011,142
070650003011006,070650003011,14
070650003011008,070650003011,66
070650003011009,070650003011,97
070650007008004,070650007008,25
070650007008005,070650007008,12
070650007008006,070650007008,29
070653901002009,070653901002,33
070750016012024,070750016012,9
070750016013019,070750016013,41
070750016013020,070750016013,6
070750016013021,070750016013,5
070750016013022,070750016013,11
070750016013023,070750016013,10
070750016013024,070750016013,0
070750016013025,070750016013,6
070750016013026,070750016013,4
070750016013027,070750016013,0
070750016013028,070750016013,0
070750016013029,070750016013,6
070750016013030,070750016013,3
070750016013031,070750016013,13
070750019001001,070750019001,24
070750019001002,070750019001,25
070750019001003,070750019001,29
070750019001004,070750019001,12
070750019001005,070750019001,20
070750019001006,070750019001,16
070750019001007,070750019001,24
070750019001008,070750019001,31
070750019001009,070750019001,22
070750019001012,070750019001,31
070750019001013,070750019001,15
070750019001014,070750019001,8
070750019001015,070750019001,5
070750019001016,070750019001,36
070750019001017,070750019001,41
070750019002001,070750019002,31
070750019002002,070750019002,22
070750019002003,070750019002,46
070750019002004,070750019002,45
070750019002005,070750019002,25
070750019002006,070750019002,6
070750019002007,070750019002,11
070750019002008,070750019002,21
070750019002009,070750019002,14
070750019002010,070750019002,13
070750019002011,070750019002,4
070750019002012,070750019002,15
070750019002013,070750019002,35
070750019002014,070750019002,27
070750019002015,070750019002,15
070750019002016,070750019002,29
070750019002017,070750019002,24
070750019002018,070750019002,31
070750019002019,070750019002,5
070750019002020,070750019002,24
070750019003001,070750019003,21
070750019003002,070750019003,9
070750019003003,070750019003,10
070750019003004,070750019003,1
070750019003005,070750019003,11
070750019003006,070750019003,10
070750019003007,070750019003,5
070750019003008,070750019003,0
070750019003009,070750019003,18
070750019003010,070750019003,1
070750019003011,070750019003,0
070750019003013,070750019003,2
070750019003014,070750019003,0
070750019003015,070750019003,6
070750019003016,070750019003,18
070750019003017,070750019003,2
070750019003018,070750019003,0
070750019003019,070750019003,13
070750019003020,070750019003,0
070750019003022,070750019003,0
070750019003023,070750019003,7
070750019003024,070750019003,4
070750019003025,070750019003,1
070750019003026,070750019003,7
070750019003027,070750019003,2
070750019003028,070750019003,0
070750019003029,070750019003,0
070750019003030,070750019003,0
070750019004001,070750019004,39
070750019004002,070750019004,26
070750019004003,070750019004,17
070750019004004,070750019004,0
070750019004005,070750019004,4
070750019004006,070750019004,12
070750019004007,070750019004,10
070750019004008,070750019004,4
070750019004009,070750019004,8
070750019004010,070750019004,0
070750019004011,070750019004,0
070750019004012,070750019004,0
070750019004013,070750019004,0
070750019004014,070750019004,8
070750019004015,070750019004,5
070750019004016,070750019004,1
070750019004017,070750019004,8
070750019004018,070750019004,12
070750019005001,070750019005,6
070750019005004,070750019005,24
070750019005005,070750019005,18
070750019005006,070750019005,17
070750019005007,070750019005,11
070750019005008,070750019005,15
070750019005009,070750019005,4
070750019005010,070750019005,8
070750019005011,070750019005,9
070750019005012,070750019005,11
070750019005013,070750019005,9
070750019005014,070750019005,17
070750019005015,070750019005,8
070750019005016,070750019005,0
070750019005017,070750019005,0
070750019005018,070750019005,0
070750019005019,070750019005,0
070750019005020,070750019005,7
070750019005021,070750019005,5
070750019005022,070750019005,10
070750019005023,070750019005,0
070750019005024,070750019005,0
070750019005025,070750019005,11
070750019005026,070750019005,0
070750019006001,070750019006,9
070750019006002,070750019006,8
070750019006003,070750019006,8
070750019006004,070750019006,3
070750019006005,070750019006,0
070750019006006,070750019006,0
070750019006007,070750019006,0
070750019006014,070750019006,0
070750019006015,070750019006,0
070750019006016,070750019006,1
070750019006017,070750019006,0
070750019006018,070750019006,0
070750019006019,070750019006,0
070750019006020,070750019006,6
070750019006021,070750019006,0
070750019006022,070750019006,0
070750019006024,070750019006,0
070750019006031,070750019006,0
070750019006032,070750019006,0
070750019006033,070750019006,0
070750019006034,070750019006,0
070750019006035,070750019006,7
070750019006036,070750019006,1
070750019006037,070750019006,0
070750019006038,070750019006,0
070750019006040,070750019006,0
070750019006042,070750019006,6
070750019006043,070750019006,16
070750019006045,070750019006,0
070750019007001,070750019007,0
070750019007002,070750019007,0
070750019007003,070750019007,0
070750019007005,070750019007,0
070750019007006,070750019007,10
070750019007008,070750019007,6
070750019007009,070750019007,0
070750019007010,070750019007,3
070750019007011,070750019007,0
070750019007012,070750019007,0
070750019007013,070750019007,4
070750019007014,070750019007,0
070750019007015,070750019007,0
070750019007017,070750019007,0
070750019007018,070750019007,0
070750019007019,070750019007,4
070750019007020,070750019007,0
070750019007021,070750019007,0
070750019007022,070750019007,0
070750019007023,070750019007,5
070750019007024,070750019007,0
070750019007026,070750019007,0
070750019007027,070750019007,0
070750019007029,070750019007,0
070750019007030,070750019007,6
070750019007031,070750019007,10
070750019007032,070750019007,0
070750019007033,070750019007,0
070750019007034,070750019007,6
070750019007035,070750019007,4
070750019007036,070750019007,0
070750019007037,070750019007,1
070750019007038,070750019007,5
070750019007039,070750019007,9
070750019007040,070750019007,0
070750019008001,070750019008,5
070750019008002,070750019008,7
070750019008003,070750019008,0
070750019008007,070750019008,0
070750019008008,070750019008,4
070750019008009,070750019008,0
070750019008010,070750019008,0
070750019008012,070750019008,12
070750019008013,070750019008,9
070750019008014,070750019008,16
070750019008015,070750019008,18
070750019008016,070750019008,9
070750019008017,070750019008,14
070750019008018,070750019008,12
070750019008019,070750019008,0
070750019008020,070750019008,11
070750019008023,070750019008,1
070750019008025,070750019008,1
070850001001017,070850001001,118
070950008004052,070950008004,6
070950008008023,070950008008,7
070950017001023,070950017001,0
070950017001026,070950017001,0
070950017001027,070950017001,0
070950017001028,070950017001,0
070951001001011,070951001001,22
070951001003008,070951001003,62
070951001003009,070951001003,11
070951001004025,070951001004,0
070954001001020,070954001001,0
070954001001021,070954001001,3
070954001001022,070954001001,5
070954001002011,070954001002,11
070954001002012,070954001002,7
070954001002013,070954001002,6
070954001002014,070954001002,0
070954001002015,070954001002,1
071050001003011,071050001003,7
071250002001007,071250002001,5
071250003001027,071250003001,2
071250003005009,071250003005,71
071250004003008,071250004003,26
071250007006014,071250007006,12
071250018006031,071250018006,0
071250018006032,071250018006,0
071250018006033,071250018006,0
071250018006034,071250018006,0
071250018006035,071250018006,0
071250018006036,071250018006,0
071250018006037,071250018006,0
071250018006038,071250018006,0
071250018006039,071250018006,0
071250018006040,071250018006,0
071250018006041,071250018006,0
071250018006042,071250018006,0
071250914001024,071250914001,8
071250914001025,071250914001,14
071250914001026,071250914001,21
071250914001027,071250914001,15
071250914001028,071250914001,10
071250914003020,071250914003,2
071251001006045,071251001006,8
071254001002030,071254001002,37
071450001005022,071450001005,6
080150016007003,080150016007,43
080150025007004,080150025007,0
080150041007010,080150041007,10
080163907001029,080163907001,11
080168910004008,080168910004,111
080356001001013,080356001001,30
080450005002019,080450005002,11
080550006002006,080550006002,12
080650002010011,080650002010,27
080650002010012,080650002010,5
080650002010013,080650002010,29
080650002010014,080650002010,50
080650002010015,080650002010,33
080650002010016,080650002010,59
080650002010017,080650002010,20
080650002010020,080650002010,8
080650002010021,080650002010,0
080650002010022,080650002010,13
080650007001010,080650007001,8
080650007001012,080650007001,11
080650007001014,080650007001,8
080650007001015,080650007001,13
080650007001016,080650007001,43
080650007001017,080650007001,47
080650007001018,080650007001,62
080650007001019,080650007001,75
080650007001020,080650007001,35
080650007001022,080650007001,25
080650007001023,080650007001,18
080650007001024,080650007001,17
080650007001025,080650007001,21
080650007005002,080650007005,68
080650007005003,080650007005,0
080650910001001,080650910001,52
080650910001002,080650910001,69
080650910001003,080650910001,44
080650910001004,080650910001,50
080650910001005,080650910001,35
080650910002001,080650910002,64
080650910002002,080650910002,17
080650910002003,080650910002,68
080650910002005,080650910002,35
080650910002006,080650910002,114
080650910003001,080650910003,90
080650910003002,080650910003,56
080650910003003,080650910003,94
080650910003004,080650910003,54
080650910004001,080650910004,86
080650910004002,080650910004,57
080650910004003,080650910004,159
080650910004004,080650910004,13
080654005002007,080654005002,18
090150413009001,090150413009,0
090150413009002,090150413009,0
090150413009003,090150413009,0
090150413009004,090150413009,0
090150413009005,090150413009,0
090150413009006,090150413009,0
090150413009007,090150413009,0
090150413009008,090150413009,0
090150413009009,090150413009,0
090150413009010,090150413009,0
090150413009011,090150413009,0
090150413009012,090150413009,0
090150413010001,090150413010,0
090150413010002,090150413010,0
090150413010003,090150413010,0
090150413010004,090150413010,0
090150413010005,090150413010,0
090150413010006,090150413010,0
090150413010007,090150413010,0
090150413010008,090150413010,0
090150413010009,090150413010,0
090150413010010,090150413010,0
090150413012002,090150413012,17
090150413012003,090150413012,44
090150413012004,090150413012,43
090150413012005,090150413012,35
090150413012006,090150413012,45
090150413012007,090150413012,66
090150413012008,090150413012,46
090150413012009,090150413012,28
090150413012010,090150413012,73
090150413012011,090150413012,53
090150413012012,090150413012,115
090150413012013,090150413012,52
090150413012014,090150413012,45
090150413012015,090150413012,54
090150413012016,090150413012,69
090150413012017,090150413012,0
090150413012018,090150413012,0
090150413012019,090150413012,0
090150413012020,090150413012,0
090150413012021,090150413012,0
090150413012022,090150413012,0
090150413012023,090150413012,0
090150413012024,090150413012,0
090150413012025,090150413012,1
090150413012026,090150413012,0
090150413012027,090150413012,0
090150413012028,090150413012,0
090150413012029,090150413012,0
090150413012030,090150413012,0
090150413012031,090150413012,0
090150413012032,090150413012,0
090150413012033,090150413012,0
090150413012034,090150413012,0
090150413012035,090150413012,0
090150413012036,090150413012,0
090150413012037,090150413012,0
090150413012038,090150413012,0
090150413012039,090150413012,0
090150413012040,090150413012,0
090150413012041,090150413012,0
090150413012042,090150413012,0
090150413012043,090150413012,0
090150413012044,090150413012,0
090150413012045,090150413012,0
090150413012046,090150413012,0
090150413012047,090150413012,0
090150413012048,090150413012,0
090150413012049,090150413012,0
090150413012050,090150413012,0
090150413012051,090150413012,0
090150413012052,090150413012,0
090150413012053,090150413012,0
090150413012054,090150413012,0
090150413012055,090150413012,0
090150413012056,090150413012,0
090150413012058,090150413012,0
090150413012059,090150413012,0
090150417003005,090150417003,57
090150686008002,090150686008,170
090150689008006,090150689008,0
090150689008007,090150689008,0
090150689008008,090150689008,3
090150689008009,090150689008,0
090150689008010,090150689008,17
090150689008011,090150689008,0
090150689008012,090150689008,0
090150689008013,090150689008,0
090153913004008,090153913004,2
090153913006014,090153913006,2
090153913006015,090153913006,19
090156002006015,090156002006,43
090156002006016,090156002006,36
090156002006017,090156002006,0
090156002006019,090156002006,0
090156002006020,090156002006,0
090156002006021,090156002006,16
090156002006022,090156002006,16
090156002006023,090156002006,28
090156002006024,090156002006,21
090156002006025,090156002006,17
090156002006026,090156002006,14
090156002006027,090156002006,7
090156002006029,090156002006,0
090156002006031,090156002006,5
090156002006032,090156002006,10
090156002006033,090156002006,17
090156002006034,090156002006,0
090156002006035,090156002006,15
090156002006036,090156002006,10
090156002006037,090156002006,7
090156002007009,090156002007,0
090156002007010,090156002007,0
090156002007012,090156002007,0
090156003010013,090156003010,14
090156003010014,090156003010,0
090450009001001,090450009001,14
090450009001002,090450009001,26
090450009001003,090450009001,26
090450009001004,090450009001,44
090450009001005,090450009001,16
090450009001006,090450009001,21
090450009001007,090450009001,13
090450009002001,090450009002,59
090450009002002,090450009002,15
090450009002003,090450009002,14
090450009002004,090450009002,14
090450009002005,090450009002,9
090450009002006,090450009002,12
090450009002007,090450009002,35
090450009002008,090450009002,18
090450009002009,090450009002,12
090450009002010,090450009002,4
090450009003001,090450009003,32
090450009003002,090450009003,15
090450009003003,090450009003,11
090450009003004,090450009003,5
090450009003005,090450009003,13
090450009003006,090450009003,23
090450009003007,090450009003,24
090450009003008,090450009003,20
090450009003009,090450009003,12
090450009003010,090450009003,1
090450009003011,090450009003,9
090450009003012,090450009003,7
090450009004001,090450009004,28
090450009004002,090450009004,19
090450009004003,090450009004,19
090450009004004,090450009004,17
090450009004005,090450009004,17
090450009004006,090450009004,23
090450009004007,090450009004,7
090450009004008,090450009004,15
090450009004009,090450009004,10
090450009004010,090450009004,20
090450009004011,090450009004,6
090450009005001,090450009005,22
090450009005002,090450009005,24
090450009005003,090450009005,20
090450009005004,090450009005,21
090450009005005,090450009005,17
090450009005006,090450009005,32
090450009006001,090450009006,42
090450009006002,090450009006,15
090450009006003,090450009006,19
090450009006004,090450009006,10
090450009006005,090450009006,57
090450009006006,090450009006,0
090450009006007,090450009006,9
090450009006008,090450009006,0
090450009006010,090450009006,0
090450009006011,090450009006,10
090450009007001,090450009007,10
090450009007002,090450009007,22
090450009007003,090450009007,12
090450009007004,090450009007,13
090450009007005,090450009007,8
090450009007006,090450009007,7
090450009007007,090450009007,28
090450009007008,090450009007,19
090450009007009,090450009007,12
090450009007010,090450009007,29
090450009007011,090450009007,15
090450009007012,090450009007,15
090450009007013,090450009007,20
090450009008001,090450009008,38
090450009008002,090450009008,19
090450009008003,090450009008,0
090450009008004,090450009008,17
090450009008005,090450009008,3
090450009008006,090450009008,15
090450009008007,090450009008,0
090450009008008,090450009008,23
090450009008009,090450009008,17
090450009008010,090450009008,9
090450009008011,090450009008,14
090450009008012,090450009008,22
090450009008013,090450009008,8
090450009008014,090450009008,11
090450009008015,090450009008,2
090450009009001,090450009009,15
090450009009002,090450009009,20
090450009009003,090450009009,6
090450009009004,090450009009,11
090450009009005,090450009009,11
090450009009006,090450009009,6
090450009009007,090450009009,13
090450009009008,090450009009,22
090450009009009,090450009009,18
090450009009010,090450009009,26
090450009009011,090450009009,28
090450009009012,090450009009,48
090650001007007,090650001007,29
090656001003008,090656001003,14
090750017009013,090750017009,2
090750017011001,090750017011,97
090750017011002,090750017011,15
090750017011003,090750017011,30
090750017011004,090750017011,81
090750017011005,090750017011,31
090750017011006,090750017011,34
090750017011007,090750017011,44
090750017011008,090750017011,15
090750017011009,090750017011,0
090750017011010,090750017011,121
090750017012001,090750017012,22
090750017012002,090750017012,23
090750017012004,090750017012,3
090750017012005,090750017012,177
090750017012006,090750017012,59
090750017013001,090750017013,11
090750017013002,090750017013,9
090750017013006,090750017013,2
090750017013007,090750017013,7
090750017013008,090750017013,4
090750017013010,090750017013,0
090750017013011,090750017013,6
090750017013012,090750017013,17
090750017013013,090750017013,2
090750017013014,090750017013,10
090750017013015,090750017013,8
090750017013016,090750017013,30
090750017013017,090750017013,22
090750017013018,090750017013,31
090750017013019,090750017013,13
090750017013020,090750017013,21
090750017013021,090750017013,106
090750017013022,090750017013,4
090750019006002,090750019006,41
090750019006003,090750019006,32
090750019006004,090750019006,56
090750019006005,090750019006,4
090750019006007,090750019006,48
090750019006008,090750019006,66
090750019006009,090750019006,0
090750019006010,090750019006,6
090750019006011,090750019006,110
090750019006012,090750019006,0
090750019006013,090750019006,28
090750019006014,090750019006,32
090850001003005,090850001003,11
090950001001045,090950001001,17
090950001001046,090950001001,31
090950001001047,090950001001,17
090950001001048,090950001001,38
090950001001049,090950001001,37
090950001001050,090950001001,17
090950001001051,090950001001,9
090950001001052,090950001001,13
090950001001053,090950001001,6
090950001001054,090950001001,12
090950001001055,090950001001,0
090950001001056,090950001001,10
090950001001058,090950001001,18
090950006002019,090950006002,16
091050005001012,091050005001,68
091050005001013,091050005001,6
091050018013001,091050018013,51
091050018013002,091050018013,37
091050018013003,091050018013,15
091050018013005,091050018013,24
091050018013006,091050018013,11
091050018013007,091050018013,15
091050018013008,091050018013,35
091050018013009,091050018013,15
091050018013010,091050018013,1
091050018013011,091050018013,60
091050018013012,091050018013,21
091050018013013,091050018013,13
091050018013014,091050018013,45
091050018013015,091050018013,28
091050018013016,091050018013,19
091050018013017,091050018013,2
091050018013018,091050018013,5
091050018013019,091050018013,7
091050021007005,091050021007,0
091050021007006,091050021007,0
091050021007007,091050021007,0
091050021007008,091050021007,0
091050021007010,091050021007,0
091050021007011,091050021007,0
091050042010001,091050042010,19
091050042010002,091050042010,34
091050042010003,091050042010,21
091050042010004,091050042010,25
091050042010005,091050042010,22
091050042010006,091050042010,26
091050042010007,091050042010,39
091050042010008,091050042010,57
091050042010009,091050042010,162
091050042011001,091050042011,127
091050042011002,091050042011,11
091050042011003,091050042011,37
091050042011004,091050042011,40
091050042011005,091050042011,72
091050042011006,091050042011,47
091050043012001,091050043012,43
091050043012002,091050043012,10
091050043012003,091050043012,21
091050043012004,091050043012,66
091050043012005,091050043012,29
091050043012006,091050043012,36
091050043012007,091050043012,32
091050043012008,091050043012,23
091050043012009,091050043012,44
091050043012010,091050043012,19
091150007012019,091150007012,0
091150007012020,091150007012,4
091150007012021,091150007012,16
091150007012023,091150007012,8
091250008011002,091250008011,0
091250008011005,091250008011,0
091250008011006,091250008011,0
091250008011007,091250008011,0
091250008011010,091250008011,0
091250008011011,091250008011,0
091250008011012,091250008011,0
091250008011013,091250008011,0
091250008011014,091250008011,0
091250008011015,091250008011,0
091250008011016,091250008011,0
091250008011017,091250008011,0
091250008011019,091250008011,0
091250008011021,091250008011,0
091250008011023,091250008011,0
091250008011024,091250008011,0
091250008011025,091250008011,0
091250008011026,091250008011,0
091250008012002,091250008012,0
091250008012003,091250008012,0
091250008012005,091250008012,0
091250008012006,091250008012,0
091250008012010,091250008012,0
091250008012011,091250008012,0
091250008012012,091250008012,0
091250008012013,091250008012,0
091250008012015,091250008012,0
091250008012016,091250008012,0
091250008012019,091250008012,0
091250008012020,091250008012,0
091250008012023,091250008012,0
091250008012024,091250008012,0
091250008012025,091250008012,0
091250917001019,091250917001,0
091450003004014,091450003004,55
091450003004015,091450003004,26
091450006010001,091450006010,24
091450006010002,091450006010,28
091450006010003,091450006010,44
091450006010004,091450006010,36
091450006010005,091450006010,29
091450006010006,091450006010,35
091450006010007,091450006010,26
091450006010008,091450006010,18
091450006010009,091450006010,37
091450006010010,091450006010,31
091450006010011,091450006010,18
091450006010013,091450006010,206
091650003008010,091650003008,8
091650003008011,091650003008,0
091650003008012,091650003008,0
091650003008013,091650003008,0
091650003008014,091650003008,33
091650003008015,091650003008,0
091650003008016,091650003008,5
091650003008019,091650003008,0
092150002002053,092150002002,4
092150002002056,092150002002,0
092150002002057,092150002002,0
092150002002058,092150002002,0
092150002002060,092150002002,0
092150002002061,092150002002,1
092150002002062,092150002002,1
092150002002063,092150002002,1
092150002002064,092150002002,0
092150002002065,092150002002,0
092150002002066,092150002002,0
092150002002067,092150002002,10
092150002007033,092150002007,15
092150002007034,092150002007,0
092150002007036,092150002007,6
092150002007037,092150002007,2
092150002007038,092150002007,18
092150002007039,092150002007,1
092150002007040,092150002007,8
092150002007041,092150002007,20
092150002007042,092150002007,3
092150002007043,092150002007,0
092150002007044,092150002007,1
092150002007045,092150002007,1
092150002007046,092150002007,0
092150002007047,092150002007,8
092150002007048,092150002007,0
092150002007049,092150002007,2
092150002007050,092150002007,1
092150002007051,092150002007,0
092150002007052,092150002007,0
092150002007053,092150002007,8
092150010011001,092150010011,81
092150010011002,092150010011,129
092150010011003,092150010011,2
092150010011004,092150010011,3
092150010011005,092150010011,96
092150010012001,092150010012,54
092150010012002,092150010012,0
092150010012003,092150010012,25
092150010012004,092150010012,22
092150010012005,092150010012,34
092150010012006,092150010012,6
092150010012007,092150010012,41
092150010012008,092150010012,19
092150010012009,092150010012,25
092150010012010,092150010012,18
092150010012011,092150010012,0
092150010012012,092150010012,0
092150014004018,092150014004,2
092150015002020,092150015002,4
092150015002021,092150015002,14
092150015002022,092150015002,0
092150015002023,092150015002,0
092150015003016,092150015003,8
092150015003017,092150015003,0
092150908001027,092150908001,0
092150908001030,092150908001,0
092150908001031,092150908001,0
092150908001032,092150908001,0
092150908001035,092150908001,0
092850001005017,092850001005,89
100150027006004,100150027006,53
100150037003003,100150037003,11
100150041003006,100150041003,12
100154001005002,100154001005,142
100154001006012,100154001006,7
100154001006013,100154001006,0
100157004007011,100157004007,21
100250001001010,100250001001,5
100252001003012,100252001003,7
100252001003013,100252001003,26
100252001003014,100252001003,7
100254001011009,100254001011,0
100352902009013,100352902009,36
100352902009014,100352902009,15
100352902013016,100352902013,29
100352902013017,100352902013,10
100352902013018,100352902013,44
100452001005022,100452001005,38
110150009006007,110150009006,4
110150011007004,110150011007,30
110150013004010,110150013004,32
110150019005007,110150019005,130
110150020014001,110150020014,82
110150020014002,110150020014,84
110150020014003,110150020014,253
110150026002009,110150026002,22
110150027013002,110150027013,56
110150027013003,110150027013,41
110150027013004,110150027013,25
110150027013005,110150027013,43
110150027013006,110150027013,7
110150027013007,110150027013,51
110150027013008,110150027013,27
110150027013009,110150027013,20
110150027013010,110150027013,31
110150027013011,110150027013,40
110150027013012,110150027013,15
110150027013014,110150027013,11
110150028008012,110150028008,12
110150028010018,110150028010,9
110150028011011,110150028011,14
110150036007006,110150036007,13
110150055006007,110150055006,58
110150055006008,110150055006,21
110250001008025,110250001008,18
110350001003050,110350001003,29
110350007006019,110350007006,24
110350007006020,110350007006,8
110350007006021,110350007006,9
110850003007012,110850003007,25
110850004003010,110850004003,20
110850004003011,110850004003,31
110850004007026,110850004007,3
110850004007027,110850004007,14
110850004007029,110850004007,16
110850004007030,110850004007,14
110950003006024,110950003006,17
111350001002016,111350001002,9
111350001002017,111350001002,16
111350001002018,111350001002,8
111350001002019,111350001002,0
111350001002020,111350001002,0
111350001002022,111350001002,10
111350001002023,111350001002,3
111452001001014,111452001001,9
111452001001015,111452001001,32
120150024002007,120150024002,55
120150024002008,120150024002,68
120153932002007,120153932002,13
120153932002008,120153932002,18
120153932002009,120153932002,5
120350002002011,120350002002,15
120350002002012,120350002002,25
120350002005008,120350002005,8
120350002005009,120350002005,26
120350002006008,120350002006,2
120350002006009,120350002006,2
120550011003037,120550011003,13
120550012012012,120550012012,31
120550021001005,120550021001,34
120550028006010,120550028006,28
120550028006011,120550028006,36
120550028006012,120550028006,32
120553002002011,120553002002,28
120750003011001,120750003011,130
120750003011002,120750003011,89
120750003011003,120750003011,23
120750003012001,120750003012,34
120750003012002,120750003012,125
120750003012003,120750003012,29
120750004013001,120750004013,0
120750004013002,120750004013,0
120750004013004,120750004013,0
120750004013005,120750004013,0
120750004013006,120750004013,0
120750004013007,120750004013,0
120750004013008,120750004013,0
120750004013009,120750004013,0
120750004013010,120750004013,0
120750007001008,120750007001,44
120750007001011,120750007001,9
120750007001012,120750007001,0
120750007001013,120750007001,14
120750007001015,120750007001,0
120750007001017,120750007001,0
120750007001018,120750007001,0
120750007001019,120750007001,0
120750007001020,120750007001,9
120750007001021,120750007001,8
120750007001022,120750007001,0
120750007001023,120750007001,4
120750007001025,120750007001,8
120750007001026,120750007001,13
120750007001027,120750007001,4
120750007001028,120750007001,7
120750007001029,120750007001,19
120750007001030,120750007001,0
120750007001036,120750007001,0
120750007001037,120750007001,0
120750010011001,120750010011,91
120750010011002,120750010011,31
120750010011003,120750010011,67
120750010011004,120750010011,55
120750010011005,120750010011,56
120750010011006,120750010011,48
120750010012001,120750010012,37
120750010012002,120750010012,110
120750010012003,120750010012,63
120750010012004,120750010012,30
120750010012005,120750010012,31
121050005010020,121050005010,4
121050005010021,121050005010,0
121050008012018,121050008012,0
121050008012025,121050008012,0
121050008012028,121050008012,0
121051002001006,121051002001,19
121051002001007,121051002001,25
121051002001008,121051002001,12
121051002001009,121051002001,0
121051002001010,121051002001,24
121051002001012,121051002001,19
121051002001013,121051002001,0
121051002001014,121051002001,3
121051002001015,121051002001,2
121051002001016,121051002001,0
121051002001017,121051002001,0
121051002008013,121051002008,15
121051002008014,121051002008,10
121051002008015,121051002008,11
121051002008016,121051002008,8
121150001013025,121150001013,15
121150001014001,121150001014,67
121150001014002,121150001014,23
121150001014004,121150001014,2
121150001014005,121150001014,20
121150001014006,121150001014,10
121150001014007,121150001014,18
121150001014008,121150001014,9
121150001014009,121150001014,98
121150001014010,121150001014,68
121150001014012,121150001014,18
121150001014013,121150001014,10
121150001014014,121150001014,62
121150001014015,121150001014,64
121150001014016,121150001014,56
121150001014017,121150001014,14
121150001014018,121150001014,27
121150001014019,121150001014,19
121150001014020,121150001014,16
121150001014022,121150001014,15
121150001014023,121150001014,25
121150001014024,121150001014,21
121150001014025,121150001014,10
121250001009002,121250001009,54
121250001009004,121250001009,0
121250001009005,121250001009,0
121250001009006,121250001009,12
121250001009007,121250001009,5
121250001009008,121250001009,0
121350001003015,121350001003,24
130150008007006,130150008007,7
130150008007007,130150008007,20
130150008007008,130150008007,28
130150008007009,130150008007,87
130150009005003,130150009005,68
130150038002006,130150038002,0
130150038002008,130150038002,0
130150038002009,130150038002,8
130150038002010,130150038002,9
130150038002011,130150038002,0
130150038002012,130150038002,8
130150038003009,130150038003,11
130150038003010,130150038003,0
130150038004011,130150038004,19
130150038004012,130150038004,15
130150038008023,130150038008,1
130150038008025,130150038008,0
130150038008026,130150038008,0
130150038008027,130150038008,0
130150038008028,130150038008,0
130150038008029,130150038008,0
130150038008030,130150038008,0
130150039001023,130150039001,7
130150039001025,130150039001,0
130150039001026,130150039001,0
130150039009007,130150039009,55
130150043002015,130150043002,124
130150043002016,130150043002,76
130150043002017,130150043002,22
130150043002018,130150043002,5
130150043002019,130150043002,9
130150043002020,130150043002,11
130150043004013,130150043004,6
130150043004014,130150043004,4
130150043004015,130150043004,17
130150043004016,130150043004,4
130150043004017,130150043004,13
130150043004018,130150043004,28
130150043004019,130150043004,14
130150043004020,130150043004,7
130150043004021,130150043004,19
130150043004022,130150043004,21
130150043004023,130150043004,13
130153001007006,130153001007,28
130153001008007,130153001008,0
130153003006004,130153003006,7
130153003006005,130153003006,13
130153907001011,130153907001,166
130153907001012,130153907001,4
130153907001013,130153907001,21
130153907001014,130153907001,27
130153907001015,130153907001,80
130153907001016,130153907001,18
130153907001017,130153907001,63
130153907001019,130153907001,8
130155901003007,130155901003,24
130250004010003,130250004010,83
130250005007006,130250005007,68
130250005007007,130250005007,2
130250005007008,130250005007,0
130250005007010,130250005007,3
130250005007011,130250005007,0
130250005007012,130250005007,0
130350001001006,130350001001,67
130350001010009,130350001010,12
130350006005003,130350006005,19
130350006005004,130350006005,76
130350006005005,130350006005,107
130350006005006,130350006005,14
130350006005007,130350006005,107
130350006005008,130350006005,21
130350006008005,130350006008,16
130350006008006,130350006008,19
130350006008007,130350006008,18
130350006008008,130350006008,21
130350006008009,130350006008,9
130350006008010,130350006008,25
130350006008011,130350006008,14
130350007010012,130350007010,3
130350007010013,130350007010,23
130350007010014,130350007010,29
130350007010015,130350007010,5
130350007010016,130350007010,14
130350007010017,130350007010,0
130350007010018,130350007010,20
130350013002005,130350013002,29
130352001005005,130352001005,60
130354001001034,130354001001,7
130354001001035,130354001001,6
130354001001036,130354001001,17
130354001001037,130354001001,19
130354001001038,130354001001,16
130357001002004,130357001002,112
130357921001013,130357921001,9
130450001006009,130450001006,31
130450001006010,130450001006,89
130450002009010,130450002009,6
130450002009011,130450002009,0
130450002009012,130450002009,16
130450002009013,130450002009,49
130450002009018,130450002009,0
130450002009019,130450002009,4
130450002009024,130450002009,0
130450002009025,130450002009,3
130450002009028,130450002009,0
130450002009036,130450002009,0
130450002009037,130450002009,9
130450004011025,130450004011,10
130450004011026,130450004011,29
130450004011027,130450004011,9
130450004011028,130450004011,25
130450004011029,130450004011,17
130450004011030,130450004011,21
130450004011031,130450004011,42
130450004011032,130450004011,17
130450004011033,130450004011,38
130450007010007,130450007010,22
130450007010008,130450007010,15
130450010005028,130450010005,5
130450010005029,130450010005,0
130450010005030,130450010005,19
130450010005031,130450010005,18
130450010005032,130450010005,0
130450010010017,130450010010,8
130450013001006,130450013001,20
130450013001007,130450013001,9
130450013001008,130450013001,8
130450013010007,130450013010,1
130450013010010,130450013010,0
130450013010012,130450013010,0
130450013010013,130450013010,4
130454001003024,130454001003,25
130454001003025,130454001003,46
130551001001019,130551001001,16
130551001001020,130551001001,26
130650009009015,130650009009,13
130650009009016,130650009009,21
130650009009017,130650009009,8
130650011006012,130650011006,8
130650011006013,130650011006,1
130650011006014,130650011006,4
130650011006016,130650011006,8
130650011006017,130650011006,5
130650011006018,130650011006,9
130650011006019,130650011006,3
130650011008032,130650011008,36
130650011008033,130650011008,6
130658001001043,130658001001,2
130658001001044,130658001001,0
130658001001046,130658001001,0
130658001001055,130658001001,0
130658001001056,130658001001,0
130658001001061,130658001001,1
130658001002027,130658001002,0
130658001002029,130658001002,0
130658001002032,130658001002,0
130658001002034,130658001002,0
130658001002045,130658001002,0
130658001002047,130658001002,0
130658001002049,130658001002,0
130658001002051,130658001002,0
130658001002062,130658001002,1
130658001002063,130658001002,0
130658001002065,130658001002,0
130658001002074,130658001002,0
130658001002080,130658001002,0
130658001009036,130658001009,0
130658001009056,130658001009,0
130658001010046,130658001010,0
130658001012014,130658001012,3
130750002002015,130750002002,1
130750002002024,130750002002,1
130850014010010,130850014010,12
130850014010011,130850014010,3
130850037008006,130850037008,25
130850037008007,130850037008,14
130850037008008,130850037008,0
130850037008010,130850037008,21
130850059010023,130850059010,13
130850059010024,130850059010,21
130850062007023,130850062007,7
130850062007024,130850062007,24
130850062007025,130850062007,21
130850902002011,130850902002,13
130850902002012,130850902002,15
130851907001017,130851907001,26
130851907001018,130851907001,13
130851907001020,130851907001,30
130851907001021,130851907001,14
130851907002013,130851907002,3
130851907002014,130851907002,2
130851907002015,130851907002,1
130851907002016,130851907002,6
130851907002017,130851907002,23
130851907002018,130851907002,71
130851907002019,130851907002,20
130851907002022,130851907002,0
130851907002023,130851907002,44
130851907002024,130851907002,3
130851910009001,130851910009,8
130851910009002,130851910009,42
130851910009003,130851910009,7
130851910009004,130851910009,2
130851910009005,130851910009,0
130851910009006,130851910009,13
130851910009008,130851910009,0
130851910009009,130851910009,0
130851910009010,130851910009,0
130851910009011,130851910009,0
130851910009012,130851910009,0
130852001004007,130852001004,114
130950015002025,130950015002,0
130950015002029,130950015002,0
130950015002032,130950015002,0
130950914004013,130950914004,2
130950916009012,130950916009,3
130950916009013,130950916009,0
130950916009016,130950916009,3
130950916009017,130950916009,13
130950916009020,130950916009,2
131152001002011,131152001002,14
131350003008005,131350003008,27
131453903006010,131453903006,10
131453903006011,131453903006,2
131453903006012,131453903006,0
131453903006014,131453903006,0
131453903006016,131453903006,0
131453903006017,131453903006,0
131453903006018,131453903006,0
131457001001021,131457001001,22
131457001008013,131457001008,9
131457928001015,131457928001,23
131457928001016,131457928001,0
131550002009008,131550002009,11
131550002009009,131550002009,8
131550002009010,131550002009,4
131550002009011,131550002009,8
131550002009012,131550002009,23
131550002009013,131550002009,6
131550002009014,131550002009,16
131550002009015,131550002009,2
131550002009016,131550002009,22
131550002009017,131550002009,29
131550002009018,131550002009,33
131550002009020,131550002009,14
131550002009021,131550002009,21
131550002009022,131550002009,9
131550002009024,131550002009,19
131550002009025,131550002009,11
131550002009026,131550002009,17
131550002009027,131550002009,31
131550002009028,131550002009,30
131550002009029,131550002009,3
131550002009030,131550002009,11
131550002009031,131550002009,36
131550002009032,131550002009,7
131550002009033,131550002009,16
131550002009034,131550002009,33
131550002009035,131550002009,14
131550002009036,131550002009,4
131550002010012,131550002010,35
131550002010013,131550002010,16
131550002010014,131550002010,13
131550002010015,131550002010,23
131550002010016,131550002010,14
131550002010017,131550002010,3
131550002010018,131550002010,9
131550002010019,131550002010,5
131550002010020,131550002010,11
131550002010021,131550002010,6
131550002010022,131550002010,8
131750005005007,131750005005,2
131750005005009,131750005005,9
131750005008010,131750005008,39
131750005008011,131750005008,33
131750005008012,131750005008,26
131750005009016,131750005009,18
131750005009017,131750005009,0
131750005009018,131750005009,0
131750005010008,131750005010,0
131750005010010,131750005010,39
131750005010011,131750005010,0
131750005010012,131750005010,10
131950001002027,131950001002,21
131950001002028,131950001002,4
131950001002029,131950001002,10
131950001002030,131950001002,35
131950001003018,131950001003,9
131952001005015,131952001005,9
131952001005016,131952001005,0
131952902001018,131952902001,10
131952902001020,131952902001,15
131952905001020,131952905001,22
131952905004014,131952905004,14
131952905004016,131952905004,2
131952907001021,131952907001,0
131952907001022,131952907001,0
131952907001023,131952907001,0
131952907001024,131952907001,0
131952907001025,131952907001,8
131952907001026,131952907001,0
131952908001010,131952908001,0
131952908001011,131952908001,8
132050001006028,132050001006,35
132150001003023,132150001003,3
132150001003024,132150001003,0
132150001003025,132150001003,23
132150005002016,132150005002,26
132150005002017,132150005002,15
132150005005026,132150005005,8
132150005008038,132150005008,8
132150005008039,132150005008,16
132150005008041,132150005008,3
132150005008043,132150005008,9
140150001005015,140150001005,33
140150001005016,140150001005,32
140150001005017,140150001005,49
140150001005018,140150001005,73
140150001006017,140150001006,10
140150001006018,140150001006,30
140150001006019,140150001006,12
140150001006020,140150001006,23
140150001006021,140150001006,47
140150001006023,140150001006,23
140150001006024,140150001006,30
140150001006025,140150001006,17
140150008002009,140150008002,3
140150008002010,140150008002,26
140250003008036,140250003008,13
140250003008037,140250003008,2
140255903001025,140255903001,5
140255903001026,140255903001,1
140553001002017,140553001002,24
140556001001021,140556001001,3
140556001001022,140556001001,0
140556001002026,140556001002,0
140556001002027,140556001002,0
140650001002020,140650001002,9
140650001004007,140650001004,81
140650001006017,140650001006,11
140650001010001,140650001010,158
140650001010002,140650001010,115
140650001010003,140650001010,104
140650001010004,140650001010,16
140650001010005,140650001010,22
140650001010007,140650001010,0
140650001010008,140650001010,17
140650001010009,140650001010,25
140650002001012,140650002001,7
140650002002017,140650002002,18
140650002006013,140650002006,39
140650003005009,140650003005,4
140650907001038,140650907001,9
140651001001023,140651001001,22
140652001002017,140652001002,9
140751904001015,140751904001,12
150154001001023,150154001001,45
150350001002019,150350001002,0
150350001006016,150350001006,19
150350001007017,150350001007,21
150750001002004,150750001002,10
150754001002015,150754001002,13
150754001002016,150754001002,2
150754001002017,150754001002,0
150754001002018,150754001002,10
150754001002019,150754001002,16
150754001002021,150754001002,8
150754001002022,150754001002,9
150754001002026,150754001002,0
160150001003008,160150001003,31
160150001003009,160150001003,27
160150001003010,160150001003,26
160150001003011,160150001003,23
160150001004012,160150001004,40
160150003006002,160150003006,102
160150008002004,160150008002,14
160150008002005,160150008002,44
160150012007008,160150012007,19
160150012007009,160150012007,72
160150013001004,160150013001,264
160150013001005,160150013001,70
160150013001006,160150013001,38
160150013001007,160150013001,28
160150013004004,160150013004,5
160152001001035,160152001001,36
160155001001015,160155001001,49
160163918001019,160163918001,8
160163918001020,160163918001,0
160163918001021,160163918001,0
160163918001022,160163918001,7
160163918001023,160163918001,12
160163918001024,160163918001,22
160163918001025,160163918001,0
160163918001026,160163918001,11
160165001001016,160165001001,21
160165001001017,160165001001,14
160165001002012,160165001002,6
160252001001049,160252001001,0
160350001004031,160350001004,14
160350001004032,160350001004,1
160350001004033,160350001004,23
160450001002028,160450001002,16
170150054009002,170150054009,93
170150387006005,170150387006,16
170150387006006,170150387006,28
170150443011006,170150443011,24
170150456011002,170150456011,104
170150458011001,170150458011,3
170150458011002,170150458011,47
170150458011003,170150458011,71
170150458011004,170150458011,102
170150458011005,170150458011,98
170150476006003,170150476006,298
170155004007005,170155004007,43
170155004007006,170155004007,6
170155004007007,170155004007,186
170155004007008,170155004007,29
170155005008009,170155005008,12
170155006007008,170155006007,69
170155006009001,170155006009,58
170155006009002,170155006009,13
170155006009003,170155006009,17
170155006009004,170155006009,16
170155006009005,170155006009,0
170155006009007,170155006009,0
170155006009008,170155006009,0
170155006009009,170155006009,12
170155006009013,170155006009,10
170155006009015,170155006009,9
170155006009016,170155006009,2
170155006009017,170155006009,26
170155006009021,170155006009,0
170155006009022,170155006009,3
170155006009023,170155006009,2
170155006009024,170155006009,23
170155006009025,170155006009,24
170155006009026,170155006009,0
170155006009028,170155006009,30
170155006009030,170155006009,27
170155006009031,170155006009,43
170155006009032,170155006009,30
170155006009033,170155006009,15
170155006009034,170155006009,10
170155006009040,170155006009,3
170155006009042,170155006009,5
170155006009043,170155006009,17
170155006009044,170155006009,10
170155006009045,170155006009,15
170155006009046,170155006009,4
170155006009047,170155006009,4
170155009012009,170155009012,52
170155009012010,170155009012,115
170155012012004,170155012012,371
170155012012005,170155012012,21
170155019009006,170155019009,34
170155019009007,170155019009,97
170155019009008,170155019009,27
170155024009005,170155024009,16
170156018009009,170156018009,5
170156018009010,170156018009,32
170156018009011,170156018009,23
170156018009012,170156018009,3
170160907006009,170160907006,75
170177905002001,170177905002,113
170177905002002,170177905002,66
170177905002004,170177905002,63
170350001005014,170350001005,2
170352001010010,170352001010,54
170352002007003,170352002007,58
170353003013002,170353003013,0
170353003013003,170353003013,9
170353003013006,170353003013,8
170353003013007,170353003013,15
170353003013011,170353003013,1
170353003013014,170353003013,6
170353003013015,170353003013,13
170353003013016,170353003013,0
170353003013017,170353003013,6
170353003013019,170353003013,4
170353003013021,170353003013,0
170353003013022,170353003013,31
170353003013023,170353003013,38
170353003013024,170353003013,0
170353003013027,170353003013,0
170353003013028,170353003013,4
170353003013032,170353003013,12
170353003013033,170353003013,34
170353003013034,170353003013,0
170353003013035,170353003013,6
170353003013036,170353003013,0
170353003013037,170353003013,13
170550015010001,170550015010,36
170550015010003,170550015010,4
170550015010004,170550015010,65
170550015010005,170550015010,21
170550015010006,170550015010,31
170550015010007,170550015010,16
170550015010008,170550015010,32
170550015010009,170550015010,60
170550015010010,170550015010,17
170550015010011,170550015010,39
170550015010012,170550015010,43
170550015010015,170550015010,11
170550015011001,170550015011,10
170550015011002,170550015011,25
170550015011003,170550015011,7
170550015011004,170550015011,2
170550015011005,170550015011,5
170550015011006,170550015011,19
170550015011007,170550015011,32
170550015011008,170550015011,11
170550015011009,170550015011,324
170550015011010,170550015011,6
170550015011011,170550015011,2
170550015011012,170550015011,11
180150006009007,180150006009,64
180150007004005,180150007004,12
180150054007006,180150054007,7
180150904004006,180150904004,32
180150904004007,180150904004,25
180156001005014,180156001005,6
180156001006002,180156001006,22
180156002007004,180156002007,23
180156002007005,180156002007,36
180156003010005,180156003010,25
180165003007006,180165003007,12
180165003008021,180165003008,6
180254001003017,180254001003,1
180850001002005,180850001002,1
180850001008011,180850001008,37
180852001002015,180852001002,10
180852001002016,180852001002,3
190150006009003,190150006009,15
190150006009004,190150006009,0
190150006009005,190150006009,4
190150006009006,190150006009,11
190150006009007,190150006009,9
190150006009008,190150006009,29
190150006009009,190150006009,1
190150006009010,190150006009,6
190150006009011,190150006009,12
190150006009012,190150006009,12
190150006009013,190150006009,8
190150006009014,190150006009,19
190150006009015,190150006009,1
190150006009016,190150006009,7
190150006009017,190150006009,0
190150006009018,190150006009,0
190150006009019,190150006009,12
190150006009020,190150006009,20
190150006009021,190150006009,23
190150006009022,190150006009,5
190150006009023,190150006009,7
190150006009024,190150006009,18
190150006009025,190150006009,37
190150006009026,190150006009,0
190150007005014,190150007005,9
190156001001014,190156001001,24
190156001002014,190156001002,17
190350001004021,190350001004,0
190350001004022,190350001004,0
190350001004023,190350001004,0
190350001004024,190350001004,0
190350001004025,190350001004,0
190550001003026,190550001003,0
190550001003027,190550001003,12
190550002009001,190550002009,0
190550002009002,190550002009,0
190550002009003,190550002009,0
190550002009004,190550002009,0
190550002009005,190550002009,0
190550002009006,190550002009,0
190550002009007,190550002009,0
190550002009008,190550002009,0
190550002009013,190550002009,0
190550002009014,190550002009,0
190550002009015,190550002009,0
190550002009017,190550002009,14
190550002009018,190550002009,23
190550002009019,190550002009,9
190550002009020,190550002009,29
190551001001018,190551001001,18
190650001010018,190650001010,23
190650001010019,190650001010,19
190650002002020,190650002002,32
190650002003036,190650002003,9
190753001001019,190753001001,4
190753001002027,190753001002,2
190753001002028,190753001002,30
190753001002029,190753001002,0
190950001003043,190950001003,11
190950001003044,190950001003,4
190952001001020,190952001001,8
190952001001021,190952001001,6
210150018007006,210150018007,30
210150018007007,210150018007,102
210150018007008,210150018007,6
210150018008022,210150018008,38
210150018008023,210150018008,17
210150018008025,210150018008,16
210158911001006,210158911001,240
210158911001007,210158911001,39
210158911002018,210158911002,14
210450001002019,210450001002,13
210450001002020,210450001002,27
210450001002021,210450001002,12
210455001002033,210455001002,9
210750001001025,210750001001,15
210752001001027,210752001001,29
220150001003011,220150001003,46
220150001004014,220150001004,13
220150001004015,220150001004,13
220150002003017,220150002003,10
220150002004009,220150002004,20
220150004001039,220150004001,11
220150004001040,220150004001,22
220150004001041,220150004001,44
220150004001042,220150004001,64
220150004001043,220150004001,34
220150004001044,220150004001,35
220150004001045,220150004001,50
220150004001046,220150004001,169
220150004001047,220150004001,29
220150004001048,220150004001,33
220150004001049,220150004001,55
220150004001050,220150004001,64
220150004008014,220150004008,35
220150011001004,220150011001,19
220150011002014,220150011002,62
220154909001002,220154909001,8
220154909001003,220154909001,21
220154909001004,220154909001,12
220154909001005,220154909001,15
220154909001006,220154909001,15
220154909001007,220154909001,17
220154909001008,220154909001,23
220154909001009,220154909001,15
220154909001010,220154909001,20
220154909001011,220154909001,4
220154909001012,220154909001,31
220154909001013,220154909001,43
220154909001014,220154909001,27
220350002001018,220350002001,29
220350005007014,220350005007,62
220350007005017,220350007005,26
220358001001016,220358001001,51
230150015005008,230150015005,9
230150016002004,230150016002,56
230150016002005,230150016002,60
230150016005006,230150016005,4
230150016005007,230150016005,38
230150016005008,230150016005,10
230150016005009,230150016005,4
230150016005010,230150016005,9
230150016005011,230150016005,17
230150016005012,230150016005,51
230150016005013,230150016005,18
230150016005014,230150016005,10
230150016005015,230150016005,1
230150028002013,230150028002,32
230150028002014,230150028002,0
230150028002015,230150028002,9
230150028002016,230150028002,12
230150028002017,230150028002,26
230150078010015,230150078010,7
230150086001031,230150086001,16
230150086001033,230150086001,9
230150086001034,230150086001,1
230150086001035,230150086001,7
230150086001038,230150086001,0
230155001005013,230155001005,25
230253001001011,230253001001,172
240150013008048,240150013008,0
240150013008049,240150013008,0
240150013008050,240150013008,0
240150013008051,240150013008,2
240150013008053,240150013008,0
240150013008054,240150013008,0
240150013010055,240150013010,0
240150013010056,240150013010,1
240150013010057,240150013010,0
240150013010058,240150013010,0
240150013010059,240150013010,4
240150013010061,240150013010,0
240150013010062,240150013010,0
240150013010064,240150013010,0
240150013010065,240150013010,0
240150013010066,240150013010,0
240150013010068,240150013010,0
240150013010069,240150013010,0
240150013010070,240150013010,0
240150013010071,240150013010,0
240150013010074,240150013010,0
240150013010075,240150013010,0
240150013010076,240150013010,0
240150013010077,240150013010,0
240150013010079,240150013010,0
240150013010080,240150013010,0
240150013010081,240150013010,0
240150013010082,240150013010,0
240150013010083,240150013010,0
240150013011001,240150013011,17
240150013011002,240150013011,7
240150013011003,240150013011,15
240150013011004,240150013011,9
240150013011005,240150013011,19
240150013011006,240150013011,27
240150013011007,240150013011,11
240150013011008,240150013011,18
240150013011009,240150013011,0
240150013011010,240150013011,13
240150013011011,240150013011,0
240150013012001,240150013012,4
240150013012002,240150013012,6
240150013012003,240150013012,9
240150013012004,240150013012,2
240150013012005,240150013012,5
240150013012006,240150013012,7
240150013012007,240150013012,8
240150013012008,240150013012,0
240150013012009,240150013012,9
240150013012010,240150013012,11
240150013012012,240150013012,10
240150013013002,240150013013,3
240150013013003,240150013013,10
240150013013004,240150013013,18
240150013013005,240150013013,19
240150013013006,240150013013,19
240150013013007,240150013013,0
240150013013009,240150013013,4
240150013013010,240150013013,7
240150013013011,240150013013,20
240150013013012,240150013013,12
240150013013013,240150013013,8
240150013013014,240150013013,1
240150013013015,240150013013,0
240150013013016,240150013013,0
240150013014002,240150013014,7
240150013014003,240150013014,15
240150013014004,240150013014,0
240150013014005,240150013014,0
240150013014006,240150013014,16
240150013014007,240150013014,0
240150013014008,240150013014,9
240150013014010,240150013014,6
240150013014011,240150013014,0
240150013014012,240150013014,2
240150013014013,240150013014,0
240150013014014,240150013014,1
240150013014015,240150013014,1
240150013014016,240150013014,5
240150013014017,240150013014,0
240150013014018,240150013014,5
240150013014019,240150013014,27
240150013014020,240150013014,14
240150013014021,240150013014,33
240150013014022,240150013014,11
240351001007042,240351001007,23
240351001007045,240351001007,16
240351001007046,240351001007,25
240351001007047,240351001007,15
240351001007049,240351001007,13
240351001007050,240351001007,28
240351001007051,240351001007,20
240351001007052,240351001007,0
240351001007053,240351001007,17
