archivo,antes_bytes,despues_bytes
counts/v1a/canton/data.parquet,39119,36641
counts/v1a/categories/canton/01.parquet,0,79235
counts/v1a/categories/canton/02.parquet,0,41987
counts/v1a/categories/canton/03.parquet,0,43134
counts/v1a/categories/canton/04.parquet,0,35263
counts/v1a/categories/canton/05.parquet,0,52401
counts/v1a/categories/canton/06.parquet,0,59796
counts/v1a/categories/canton/07.parquet,0,83812
counts/v1a/categories/canton/08.parquet,0,50580
counts/v1a/categories/canton/09.parquet,0,160580
counts/v1a/categories/canton/10.parquet,0,47600
counts/v1a/categories/canton/11.parquet,0,76570
counts/v1a/categories/canton/12.parquet,0,83298
counts/v1a/categories/canton/13.parquet,0,129232
counts/v1a/categories/canton/14.parquet,0,58004
counts/v1a/categories/canton/15.parquet,0,35203
counts/v1a/categories/canton/16.parquet,0,28823
counts/v1a/categories/canton/17.parquet,0,77168
counts/v1a/categories/canton/18.parquet,0,58262
counts/v1a/categories/canton/19.parquet,0,45770
counts/v1a/categories/canton/20.parquet,0,21565
counts/v1a/categories/canton/21.parquet,0,47021
counts/v1a/categories/canton/22.parquet,0,36363
counts/v1a/categories/canton/23.parquet,0,22258
counts/v1a/categories/canton/24.parquet,0,25142
counts/v1a/categories/canton/province_key=01/data_0.parquet,125587,0
counts/v1a/categories/canton/province_key=02/data_0.parquet,68103,0
counts/v1a/categories/canton/province_key=03/data_0.parquet,70173,0
counts/v1a/categories/canton/province_key=04/data_0.parquet,59242,0
counts/v1a/categories/canton/province_key=05/data_0.parquet,82179,0
counts/v1a/categories/canton/province_key=06/data_0.parquet,94702,0
counts/v1a/categories/canton/province_key=07/data_0.parquet,131520,0
counts/v1a/categories/canton/province_key=08/data_0.parquet,83038,0
counts/v1a/categories/canton/province_key=09/data_0.parquet,258192,0
counts/v1a/categories/canton/province_key=10/data_0.parquet,74670,0
counts/v1a/categories/canton/province_key=11/data_0.parquet,126566,0
counts/v1a/categories/canton/province_key=12/data_0.parquet,133998,0
counts/v1a/categories/canton/province_key=13/data_0.parquet,207077,0
counts/v1a/categories/canton/province_key=14/data_0.parquet,96526,0
counts/v1a/categories/canton/province_key=15/data_0.parquet,56703,0
counts/v1a/categories/canton/province_key=16/data_0.parquet,46156,0
counts/v1a/categories/canton/province_key=17/data_0.parquet,116989,0
counts/v1a/categories/canton/province_key=18/data_0.parquet,92155,0
counts/v1a/categories/canton/province_key=19/data_0.parquet,75346,0
counts/v1a/categories/canton/province_key=20/data_0.parquet,32411,0
counts/v1a/categories/canton/province_key=21/data_0.parquet,73503,0
counts/v1a/categories/canton/province_key=22/data_0.parquet,56103,0
counts/v1a/categories/canton/province_key=23/data_0.parquet,33569,0
counts/v1a/categories/canton/province_key=24/data_0.parquet,42690,0
counts/v1a/categories/canton_only/01.parquet,38725,0
counts/v1a/categories/canton_only/02.parquet,22532,0
counts/v1a/categories/canton_only/03.parquet,23322,0
counts/v1a/categories/canton_only/04.parquet,18101,0
counts/v1a/categories/canton_only/05.parquet,30352,0
counts/v1a/categories/canton_only/06.parquet,31033,0
counts/v1a/categories/canton_only/07.parquet,44722,0
counts/v1a/categories/canton_only/08.parquet,30814,0
counts/v1a/categories/canton_only/09.parquet,82253,0
counts/v1a/categories/canton_only/10.parquet,28162,0
counts/v1a/categories/canton_only/11.parquet,36548,0
counts/v1a/categories/canton_only/12.parquet,42357,0
counts/v1a/categories/canton_only/13.parquet,63276,0
counts/v1a/categories/canton_only/14.parquet,33745,0
counts/v1a/categories/canton_only/15.parquet,22052,0
counts/v1a/categories/canton_only/16.parquet,19389,0
counts/v1a/categories/canton_only/17.parquet,48397,0
counts/v1a/categories/canton_only/18.parquet,31607,0
counts/v1a/categories/canton_only/19.parquet,23824,0
counts/v1a/categories/canton_only/20.parquet,12365,0
counts/v1a/categories/canton_only/21.parquet,29899,0
counts/v1a/categories/canton_only/22.parquet,24407,0
counts/v1a/categories/canton_only/23.parquet,18411,0
counts/v1a/categories/canton_only/24.parquet,19242,0
counts/v1a/categories/codebook.parquet,0,12073
counts/v1a/categories/finest/01.parquet,0,3628316
counts/v1a/categories/finest/02.parquet,0,995591
counts/v1a/categories/finest/03.parquet,0,1238355
counts/v1a/categories/finest/04.parquet,0,870977
counts/v1a/categories/finest/05.parquet,0,2119588
counts/v1a/categories/finest/06.parquet,0,2394369
counts/v1a/categories/finest/07.parquet,0,3415764
counts/v1a/categories/finest/08.parquet,0,2528332
counts/v1a/categories/finest/09.parquet,0,17220603
counts/v1a/categories/finest/10.parquet,0,2155980
counts/v1a/categories/finest/11.parquet,0,2333557
counts/v1a/categories/finest/12.parquet,0,4016895
counts/v1a/categories/finest/13.parquet,0,7120340
counts/v1a/categories/finest/14.parquet,0,984963
counts/v1a/categories/finest/15.parquet,0,629089
counts/v1a/categories/finest/16.parquet,0,527535
counts/v1a/categories/finest/17.parquet,0,11478897
counts/v1a/categories/finest/18.parquet,0,2626076
counts/v1a/categories/finest/19.parquet,0,622854
counts/v1a/categories/finest/20.parquet,0,153895
counts/v1a/categories/finest/21.parquet,0,988261
counts/v1a/categories/finest/22.parquet,0,862993
counts/v1a/categories/finest/23.parquet,0,2257885
counts/v1a/categories/finest/24.parquet,0,1738647
counts/v1a/categories/finest/emigracion/01.parquet,164577,0
counts/v1a/categories/finest/emigracion/02.parquet,14215,0
counts/v1a/categories/finest/emigracion/03.parquet,63539,0
counts/v1a/categories/finest/emigracion/04.parquet,10166,0
counts/v1a/categories/finest/emigracion/05.parquet,35557,0
counts/v1a/categories/finest/emigracion/06.parquet,68493,0
counts/v1a/categories/finest/emigracion/07.parquet,53913,0
counts/v1a/categories/finest/emigracion/08.parquet,22289,0
counts/v1a/categories/finest/emigracion/09.parquet,270899,0
counts/v1a/categories/finest/emigracion/10.parquet,45162,0
counts/v1a/categories/finest/emigracion/11.parquet,55840,0
counts/v1a/categories/finest/emigracion/12.parquet,26408,0
counts/v1a/categories/finest/emigracion/13.parquet,68046,0
counts/v1a/categories/finest/emigracion/14.parquet,36357,0
counts/v1a/categories/finest/emigracion/15.parquet,8379,0
counts/v1a/categories/finest/emigracion/16.parquet,12485,0
counts/v1a/categories/finest/emigracion/17.parquet,318528,0
counts/v1a/categories/finest/emigracion/18.parquet,75724,0
counts/v1a/categories/finest/emigracion/19.parquet,18292,0
counts/v1a/categories/finest/emigracion/20.parquet,6242,0
counts/v1a/categories/finest/emigracion/21.parquet,12930,0
counts/v1a/categories/finest/emigracion/22.parquet,9859,0
counts/v1a/categories/finest/emigracion/23.parquet,29542,0
counts/v1a/categories/finest/emigracion/24.parquet,14567,0
counts/v1a/categories/finest/hogar/01.parquet,1894668,0
counts/v1a/categories/finest/hogar/02.parquet,455655,0
counts/v1a/categories/finest/hogar/03.parquet,696473,0
counts/v1a/categories/finest/hogar/04.parquet,447096,0
counts/v1a/categories/finest/hogar/05.parquet,1008133,0
counts/v1a/categories/finest/hogar/06.parquet,1346532,0
counts/v1a/categories/finest/hogar/07.parquet,2388149,0
counts/v1a/categories/finest/hogar/08.parquet,1489505,0
counts/v1a/categories/finest/hogar/09.parquet,10963146,0
counts/v1a/categories/finest/hogar/10.parquet,1302266,0
counts/v1a/categories/finest/hogar/11.parquet,1388625,0
counts/v1a/categories/finest/hogar/12.parquet,2352573,0
counts/v1a/categories/finest/hogar/13.parquet,4622148,0
counts/v1a/categories/finest/hogar/14.parquet,557714,0
counts/v1a/categories/finest/hogar/15.parquet,337571,0
counts/v1a/categories/finest/hogar/16.parquet,253623,0
counts/v1a/categories/finest/hogar/17.parquet,6842817,0
counts/v1a/categories/finest/hogar/18.parquet,1289480,0
counts/v1a/categories/finest/hogar/19.parquet,362272,0
counts/v1a/categories/finest/hogar/20.parquet,112549,0
counts/v1a/categories/finest/hogar/21.parquet,580756,0
counts/v1a/categories/finest/hogar/22.parquet,525594,0
counts/v1a/categories/finest/hogar/23.parquet,1363903,0
counts/v1a/categories/finest/hogar/24.parquet,1648005,0
counts/v1a/categories/finest/mortalidad/01.parquet,151491,0
counts/v1a/categories/finest/mortalidad/02.parquet,43173,0
counts/v1a/categories/finest/mortalidad/03.parquet,58647,0
counts/v1a/categories/finest/mortalidad/04.parquet,39545,0
counts/v1a/categories/finest/mortalidad/05.parquet,91404,0
counts/v1a/categories/finest/mortalidad/06.parquet,111648,0
counts/v1a/categories/finest/mortalidad/07.parquet,147939,0
counts/v1a/categories/finest/mortalidad/08.parquet,90502,0
counts/v1a/categories/finest/mortalidad/09.parquet,694411,0
counts/v1a/categories/finest/mortalidad/10.parquet,86157,0
counts/v1a/categories/finest/mortalidad/11.parquet,104259,0
counts/v1a/categories/finest/mortalidad/12.parquet,168332,0
counts/v1a/categories/finest/mortalidad/13.parquet,311566,0
counts/v1a/categories/finest/mortalidad/14.parquet,32154,0
counts/v1a/categories/finest/mortalidad/15.parquet,23679,0
counts/v1a/categories/finest/mortalidad/16.parquet,21843,0
counts/v1a/categories/finest/mortalidad/17.parquet,506580,0
counts/v1a/categories/finest/mortalidad/18.parquet,116329,0
counts/v1a/categories/finest/mortalidad/19.parquet,22388,0
counts/v1a/categories/finest/mortalidad/20.parquet,7247,0
counts/v1a/categories/finest/mortalidad/21.parquet,37991,0
counts/v1a/categories/finest/mortalidad/22.parquet,31817,0
counts/v1a/categories/finest/mortalidad/23.parquet,84841,0
counts/v1a/categories/finest/mortalidad/24.parquet,95767,0
counts/v1a/categories/finest/poblacion/01.parquet,6088328,0
counts/v1a/categories/finest/poblacion/02.parquet,1578757,0
counts/v1a/categories/finest/poblacion/03.parquet,2198887,0
counts/v1a/categories/finest/poblacion/04.parquet,1590402,0
counts/v1a/categories/finest/poblacion/05.parquet,3385587,0
counts/v1a/categories/finest/poblacion/06.parquet,4229417,0
counts/v1a/categories/finest/poblacion/07.parquet,7161333,0
counts/v1a/categories/finest/poblacion/08.parquet,4630869,0
counts/v1a/categories/finest/poblacion/09.parquet,33989087,0
counts/v1a/categories/finest/poblacion/10.parquet,4120978,0
counts/v1a/categories/finest/poblacion/11.parquet,4274116,0
counts/v1a/categories/finest/poblacion/12.parquet,7247817,0
counts/v1a/categories/finest/poblacion/13.parquet,13930429,0
counts/v1a/categories/finest/poblacion/14.parquet,1728768,0
counts/v1a/categories/finest/poblacion/15.parquet,1132733,0
counts/v1a/categories/finest/poblacion/16.parquet,931785,0
counts/v1a/categories/finest/poblacion/17.parquet,20918649,0
counts/v1a/categories/finest/poblacion/18.parquet,4381414,0
counts/v1a/categories/finest/poblacion/19.parquet,1159152,0
counts/v1a/categories/finest/poblacion/20.parquet,375513,0
counts/v1a/categories/finest/poblacion/21.parquet,1893358,0
counts/v1a/categories/finest/poblacion/22.parquet,1671074,0
counts/v1a/categories/finest/poblacion/23.parquet,4456200,0
counts/v1a/categories/finest/poblacion/24.parquet,4597897,0
counts/v1a/categories/finest/vivienda/01.parquet,1295600,0
counts/v1a/categories/finest/vivienda/02.parquet,332839,0
counts/v1a/categories/finest/vivienda/03.parquet,477835,0
counts/v1a/categories/finest/vivienda/04.parquet,319244,0
counts/v1a/categories/finest/vivienda/05.parquet,722032,0
counts/v1a/categories/finest/vivienda/06.parquet,904607,0
counts/v1a/categories/finest/vivienda/07.parquet,1601424,0
counts/v1a/categories/finest/vivienda/08.parquet,1093299,0
counts/v1a/categories/finest/vivienda/09.parquet,7285199,0
counts/v1a/categories/finest/vivienda/10.parquet,862837,0
counts/v1a/categories/finest/vivienda/11.parquet,956702,0
counts/v1a/categories/finest/vivienda/12.parquet,1590701,0
counts/v1a/categories/finest/vivienda/13.parquet,3325941,0
counts/v1a/categories/finest/vivienda/14.parquet,400735,0
counts/v1a/categories/finest/vivienda/15.parquet,228560,0
counts/v1a/categories/finest/vivienda/16.parquet,185592,0
counts/v1a/categories/finest/vivienda/17.parquet,4492835,0
counts/v1a/categories/finest/vivienda/18.parquet,888870,0
counts/v1a/categories/finest/vivienda/19.parquet,239068,0
counts/v1a/categories/finest/vivienda/20.parquet,77835,0
counts/v1a/categories/finest/vivienda/21.parquet,397757,0
counts/v1a/categories/finest/vivienda/22.parquet,381638,0
counts/v1a/categories/finest/vivienda/23.parquet,929078,0
counts/v1a/categories/finest/vivienda/24.parquet,1147446,0
counts/v1a/categories/nacion/data.parquet,33445,17574
counts/v1a/categories/parroquia/01.parquet,0,170825
counts/v1a/categories/parroquia/02.parquet,0,61405
counts/v1a/categories/parroquia/03.parquet,0,76584
counts/v1a/categories/parroquia/04.parquet,0,66101
counts/v1a/categories/parroquia/05.parquet,0,98721
counts/v1a/categories/parroquia/06.parquet,0,114082
counts/v1a/categories/parroquia/07.parquet,0,134539
counts/v1a/categories/parroquia/08.parquet,0,132080
counts/v1a/categories/parroquia/09.parquet,0,172338
counts/v1a/categories/parroquia/10.parquet,0,100048
counts/v1a/categories/parroquia/11.parquet,0,157022
counts/v1a/categories/parroquia/12.parquet,0,96197
counts/v1a/categories/parroquia/13.parquet,0,197111
counts/v1a/categories/parroquia/14.parquet,0,98038
counts/v1a/categories/parroquia/15.parquet,0,54772
counts/v1a/categories/parroquia/16.parquet,0,49074
counts/v1a/categories/parroquia/17.parquet,0,185249
counts/v1a/categories/parroquia/18.parquet,0,132355
counts/v1a/categories/parroquia/19.parquet,0,71382
counts/v1a/categories/parroquia/20.parquet,0,21969
counts/v1a/categories/parroquia/21.parquet,0,71764
counts/v1a/categories/parroquia/22.parquet,0,65191
counts/v1a/categories/parroquia/23.parquet,0,40780
counts/v1a/categories/parroquia/24.parquet,0,43731
counts/v1a/categories/parroquia/province_key=01/data_0.parquet,304413,0
counts/v1a/categories/parroquia/province_key=02/data_0.parquet,103596,0
counts/v1a/categories/parroquia/province_key=03/data_0.parquet,130987,0
counts/v1a/categories/parroquia/province_key=04/data_0.parquet,113196,0
counts/v1a/categories/parroquia/province_key=05/data_0.parquet,165898,0
counts/v1a/categories/parroquia/province_key=06/data_0.parquet,203321,0
counts/v1a/categories/parroquia/province_key=07/data_0.parquet,238113,0
counts/v1a/categories/parroquia/province_key=08/data_0.parquet,230766,0
counts/v1a/categories/parroquia/province_key=09/data_0.parquet,294509,0
counts/v1a/categories/parroquia/province_key=10/data_0.parquet,175650,0
counts/v1a/categories/parroquia/province_key=11/data_0.parquet,295563,0
counts/v1a/categories/parroquia/province_key=12/data_0.parquet,158973,0
counts/v1a/categories/parroquia/province_key=13/data_0.parquet,351319,0
counts/v1a/categories/parroquia/province_key=14/data_0.parquet,174762,0
counts/v1a/categories/parroquia/province_key=15/data_0.parquet,92771,0
counts/v1a/categories/parroquia/province_key=16/data_0.parquet,82528,0
counts/v1a/categories/parroquia/province_key=17/data_0.parquet,321346,0
counts/v1a/categories/parroquia/province_key=18/data_0.parquet,228641,0
counts/v1a/categories/parroquia/province_key=19/data_0.parquet,123541,0
counts/v1a/categories/parroquia/province_key=20/data_0.parquet,34571,0
counts/v1a/categories/parroquia/province_key=21/data_0.parquet,122334,0
counts/v1a/categories/parroquia/province_key=22/data_0.parquet,111340,0
counts/v1a/categories/parroquia/province_key=23/data_0.parquet,64520,0
counts/v1a/categories/parroquia/province_key=24/data_0.parquet,67446,0
counts/v1a/categories/provincia/data.parquet,395108,253981
counts/v1a/categories/schema.json,3036,0
counts/v1a/categories/sector/01.parquet,0,3032569
counts/v1a/categories/sector/02.parquet,0,738860
counts/v1a/categories/sector/03.parquet,0,952696
counts/v1a/categories/sector/04.parquet,0,527116
counts/v1a/categories/sector/05.parquet,0,1713335
counts/v1a/categories/sector/06.parquet,0,1864176
counts/v1a/categories/sector/07.parquet,0,2063315
counts/v1a/categories/sector/08.parquet,0,1597546
counts/v1a/categories/sector/09.parquet,0,11429666
counts/v1a/categories/sector/10.parquet,0,1405593
counts/v1a/categories/sector/11.parquet,0,1668717
counts/v1a/categories/sector/12.parquet,0,2476725
counts/v1a/categories/sector/13.parquet,0,4510331
counts/v1a/categories/sector/14.parquet,0,705358
counts/v1a/categories/sector/15.parquet,0,427849
counts/v1a/categories/sector/16.parquet,0,393094
counts/v1a/categories/sector/17.parquet,0,8788679
counts/v1a/categories/sector/18.parquet,0,2067361
counts/v1a/categories/sector/19.parquet,0,425767
counts/v1a/categories/sector/20.parquet,0,112428
counts/v1a/categories/sector/21.parquet,0,658667
counts/v1a/categories/sector/22.parquet,0,585755
counts/v1a/categories/sector/23.parquet,0,1378608
counts/v1a/categories/sector/24.parquet,0,1018337
counts/v1a/categories/sector/province_key=01/data_0.parquet,14041355,0
counts/v1a/categories/sector/province_key=02/data_0.parquet,3016164,0
counts/v1a/categories/sector/province_key=03/data_0.parquet,4102945,0
counts/v1a/categories/sector/province_key=04/data_0.parquet,2163285,0
counts/v1a/categories/sector/province_key=05/data_0.parquet,7392757,0
counts/v1a/categories/sector/province_key=06/data_0.parquet,8261078,0
counts/v1a/categories/sector/province_key=07/data_0.parquet,9260010,0
counts/v1a/categories/sector/province_key=08/data_0.parquet,7026222,0
counts/v1a/categories/sector/province_key=09/data_0.parquet,57795539,0
counts/v1a/categories/sector/province_key=10/data_0.parquet,5976295,0
counts/v1a/categories/sector/province_key=11/data_0.parquet,7485089,0
counts/v1a/categories/sector/province_key=12/data_0.parquet,11156497,0
counts/v1a/categories/sector/province_key=13/data_0.parquet,22079439,0
counts/v1a/categories/sector/province_key=14/data_0.parquet,2961519,0
counts/v1a/categories/sector/province_key=15/data_0.parquet,1659132,0
counts/v1a/categories/sector/province_key=16/data_0.parquet,1507455,0
counts/v1a/categories/sector/province_key=17/data_0.parquet,44573149,0
counts/v1a/categories/sector/province_key=18/data_0.parquet,9438475,0
counts/v1a/categories/sector/province_key=19/data_0.parquet,1665146,0
counts/v1a/categories/sector/province_key=20/data_0.parquet,379152,0
counts/v1a/categories/sector/province_key=21/data_0.parquet,2677544,0
counts/v1a/categories/sector/province_key=22/data_0.parquet,2345693,0
counts/v1a/categories/sector/province_key=23/data_0.parquet,5587106,0
counts/v1a/categories/sector/province_key=24/data_0.parquet,4126018,0
counts/v1a/categories/sector_only/ethnicity.parquet,500950,0
counts/v1a/finest/01.parquet,0,270247
counts/v1a/finest/02.parquet,0,86057
counts/v1a/finest/03.parquet,0,112435
counts/v1a/finest/04.parquet,0,82213
counts/v1a/finest/05.parquet,0,157383
counts/v1a/finest/06.parquet,0,191361
counts/v1a/finest/07.parquet,0,308897
counts/v1a/finest/08.parquet,0,210941
counts/v1a/finest/09.parquet,0,1321956
counts/v1a/finest/10.parquet,0,184561
counts/v1a/finest/11.parquet,0,206408
counts/v1a/finest/12.parquet,0,301693
counts/v1a/finest/13.parquet,0,604948
counts/v1a/finest/14.parquet,0,101678
counts/v1a/finest/15.parquet,0,66417
counts/v1a/finest/16.parquet,0,57994
counts/v1a/finest/17.parquet,0,813239
counts/v1a/finest/18.parquet,0,191979
counts/v1a/finest/19.parquet,0,72086
counts/v1a/finest/20.parquet,0,32644
counts/v1a/finest/21.parquet,0,96817
counts/v1a/finest/22.parquet,0,93379
counts/v1a/finest/23.parquet,0,193330
counts/v1a/finest/24.parquet,0,226332
counts/v1a/finest/province_key=01/data_0.parquet,279340,0
counts/v1a/finest/province_key=02/data_0.parquet,92951,0
counts/v1a/finest/province_key=03/data_0.parquet,119957,0
counts/v1a/finest/province_key=04/data_0.parquet,91024,0
counts/v1a/finest/province_key=05/data_0.parquet,165126,0
counts/v1a/finest/province_key=06/data_0.parquet,197575,0
counts/v1a/finest/province_key=07/data_0.parquet,335059,0
counts/v1a/finest/province_key=08/data_0.parquet,226356,0
counts/v1a/finest/province_key=09/data_0.parquet,1459283,0
counts/v1a/finest/province_key=10/data_0.parquet,194422,0
counts/v1a/finest/province_key=11/data_0.parquet,214320,0
counts/v1a/finest/province_key=12/data_0.parquet,322422,0
counts/v1a/finest/province_key=13/data_0.parquet,650410,0
counts/v1a/finest/province_key=14/data_0.parquet,106056,0
counts/v1a/finest/province_key=15/data_0.parquet,69117,0
counts/v1a/finest/province_key=16/data_0.parquet,61080,0
counts/v1a/finest/province_key=17/data_0.parquet,889784,0
counts/v1a/finest/province_key=18/data_0.parquet,201620,0
counts/v1a/finest/province_key=19/data_0.parquet,76585,0
counts/v1a/finest/province_key=20/data_0.parquet,34766,0
counts/v1a/finest/province_key=21/data_0.parquet,105321,0
counts/v1a/finest/province_key=22/data_0.parquet,103530,0
counts/v1a/finest/province_key=23/data_0.parquet,208766,0
counts/v1a/finest/province_key=24/data_0.parquet,229012,0
counts/v1a/nacion/data.parquet,9815,8037
counts/v1a/parroquia/data.parquet,110001,108758
counts/v1a/provincia/data.parquet,16267,12995
counts/v1a/qa.json,1659,6494
counts/v1a/schema.json,2048,12783
counts/v1a/sector/01.parquet,0,137605
counts/v1a/sector/02.parquet,0,47513
counts/v1a/sector/03.parquet,0,56663
counts/v1a/sector/04.parquet,0,38687
counts/v1a/sector/05.parquet,0,87688
counts/v1a/sector/06.parquet,0,95663
counts/v1a/sector/07.parquet,0,98036
counts/v1a/sector/08.parquet,0,82870
counts/v1a/sector/09.parquet,0,431299
counts/v1a/sector/10.parquet,0,71917
counts/v1a/sector/11.parquet,0,88344
counts/v1a/sector/12.parquet,0,112115
counts/v1a/sector/13.parquet,0,193195
counts/v1a/sector/14.parquet,0,49847
counts/v1a/sector/15.parquet,0,33776
counts/v1a/sector/16.parquet,0,32284
counts/v1a/sector/17.parquet,0,347481
counts/v1a/sector/18.parquet,0,97343
counts/v1a/sector/19.parquet,0,34663
counts/v1a/sector/20.parquet,0,19281
counts/v1a/sector/21.parquet,0,43614
counts/v1a/sector/22.parquet,0,40212
counts/v1a/sector/23.parquet,0,68364
counts/v1a/sector/24.parquet,0,56862
counts/v1a/sector/province_key=01/data_0.parquet,146834,0
counts/v1a/sector/province_key=02/data_0.parquet,51158,0
counts/v1a/sector/province_key=03/data_0.parquet,59820,0
counts/v1a/sector/province_key=04/data_0.parquet,41445,0
counts/v1a/sector/province_key=05/data_0.parquet,94468,0
counts/v1a/sector/province_key=06/data_0.parquet,101385,0
counts/v1a/sector/province_key=07/data_0.parquet,104717,0
counts/v1a/sector/province_key=08/data_0.parquet,90024,0
counts/v1a/sector/province_key=09/data_0.parquet,444504,0
counts/v1a/sector/province_key=10/data_0.parquet,77862,0
counts/v1a/sector/province_key=11/data_0.parquet,95879,0
counts/v1a/sector/province_key=12/data_0.parquet,121214,0
counts/v1a/sector/province_key=13/data_0.parquet,202109,0
counts/v1a/sector/province_key=14/data_0.parquet,53898,0
counts/v1a/sector/province_key=15/data_0.parquet,36773,0
counts/v1a/sector/province_key=16/data_0.parquet,35179,0
counts/v1a/sector/province_key=17/data_0.parquet,362584,0
counts/v1a/sector/province_key=18/data_0.parquet,104106,0
counts/v1a/sector/province_key=19/data_0.parquet,37205,0
counts/v1a/sector/province_key=20/data_0.parquet,20850,0
counts/v1a/sector/province_key=21/data_0.parquet,46059,0
counts/v1a/sector/province_key=22/data_0.parquet,43209,0
counts/v1a/sector/province_key=23/data_0.parquet,74110,0
counts/v1a/sector/province_key=24/data_0.parquet,61141,0
fase0_qa.json,6334,6334
TOTAL,470499294,136088722
